{
    "version": 2,
    "builds": [
      {
        "src": "dashboard/wsgi.py",
        "use": "@vercel/python",
        "config": {"maxLambdaSize": "50mb", "runtime": "python3.x"}
      },
      {
        "src": "build_files.sh",
        "use": "@vercel/static-build",
        "config": {
          "distDir": "staticfiles"
        }
      }
    ],
    "routes": [
      {
        "src": "/(.*)",
        "dest": "dashboard/wsgi.py"
      },
      {
        "src": "/static/(.*)",
        "dest": "/static/$1"
      }
    ]
}